{
  "comparison": {
    "offset_x": -648.0,
    "offset_y": 118.39999999999998
  },
  "heatmap": {
    "offset_x": -659.9999999999999,
    "offset_y": -325.6
  },
  "overlay_charts": {
    "offset_x": 0,
    "offset_y": 0
  }
}